title,street-address,latitude,longitude,number,type_of_place,distance
Consulado de Argentina,CALLE FERNANDO EL SANTO 15 PLANTA BAJA,40.42821624776458,-3.6926659313220473,8,consulado,311.9001139109231
Consulado de Argentina,CALLE FERNANDO EL SANTO 15 PLANTA BAJA,40.42821624776458,-3.6926659313220473,10,consulado,319.3811255516
Consulado de Argentina,CALLE FERNANDO EL SANTO 15 PLANTA BAJA,40.42821624776458,-3.6926659313220473,104,consulado,380.0258425515077
Consulado de Belice,CALLE TALAVERA 9,40.453375787625184,-3.6809775442454438,148,consulado,255.76551654772592
Consulado de Belice,CALLE TALAVERA 9,40.453375787625184,-3.6809775442454438,159,consulado,312.6027620662095
Consulado de Belice,CALLE TALAVERA 9,40.453375787625184,-3.6809775442454438,197,consulado,394.27088893706156
Consulado de Bolivia,CALLE AVIADOR LINDBERGH 3,40.44244658703542,-3.6796645119265317,146,consulado,220.77884425921926
Consulado de Bolivia,CALLE AVIADOR LINDBERGH 3,40.44244658703542,-3.6796645119265317,196,consulado,533.6066251773035
Consulado de Bolivia,CALLE AVIADOR LINDBERGH 3,40.44244658703542,-3.6796645119265317,140,consulado,558.6140486609512
Consulado de Brasil,CALLE GOYA 5 y 7 pasaje,40.42571641206772,-3.688867957275151,93,consulado,52.439373963638864
Consulado de Brasil,CALLE GOYA 5 y 7 pasaje,40.42571641206772,-3.688867957275151,104,consulado,141.64985143796721
Consulado de Brasil,CALLE GOYA 5 y 7 pasaje,40.42571641206772,-3.688867957275151,106A,consulado,147.60749201069927
Consulado de Bélgica,PASEO CASTELLANA 18 PLANTA 6 Izquierda,40.428625519984514,-3.6890037404933405,104,consulado,216.3270282884061
Consulado de Bélgica,PASEO CASTELLANA 18 PLANTA 6 Izquierda,40.428625519984514,-3.6890037404933405,105,consulado,236.7967821117334
Consulado de Bélgica,PASEO CASTELLANA 18 PLANTA 6 Izquierda,40.428625519984514,-3.6890037404933405,93,consulado,321.2985998082369
Consulado de Chile,CALLE RAFAEL CALVO 18 PLANTA 5,40.43387373574068,-3.6941977264344406,125,consulado,172.40063434707065
Consulado de Chile,CALLE RAFAEL CALVO 18 PLANTA 5,40.43387373574068,-3.6941977264344406,247,consulado,523.9140628883374
Consulado de Chile,CALLE RAFAEL CALVO 18 PLANTA 5,40.43387373574068,-3.6941977264344406,122,consulado,540.0406853334919
Consulado de Colombia,CALLE ALFONSO XI 6,40.418660732315,-3.690646590927509,65,consulado,257.18864309012383
Consulado de Colombia,CALLE ALFONSO XI 6,40.418660732315,-3.690646590927509,60,consulado,278.7003102221015
Consulado de Colombia,CALLE ALFONSO XI 6,40.418660732315,-3.690646590927509,86,consulado,301.54739270170205
Consulado de Costa Rica,CALLE RIOS ROSAS 54 PLANTA Bajo Derecha,40.441550649362455,-3.695491196074582,134,consulado,293.0259214512717
Consulado de Costa Rica,CALLE RIOS ROSAS 54 PLANTA Bajo Derecha,40.441550649362455,-3.695491196074582,135,consulado,307.66642504405394
Consulado de Costa Rica,CALLE RIOS ROSAS 54 PLANTA Bajo Derecha,40.441550649362455,-3.695491196074582,247,consulado,463.4864226407781
Consulado de Cuba,PASEO LA HABANA 194 Entrada por calle Macarena,40.46201039787292,-3.680298066003204,290,consulado,266.5192373383566
Consulado de Cuba,PASEO LA HABANA 194 Entrada por calle Macarena,40.46201039787292,-3.680298066003204,254,consulado,431.88223067626967
Consulado de Cuba,PASEO LA HABANA 194 Entrada por calle Macarena,40.46201039787292,-3.680298066003204,255,consulado,584.8398661593218
Consulado de Ecuador,CALLE ALENZA 1,40.44258652423883,-3.7007870509139242,130,consulado,148.69877968455137
Consulado de Ecuador,CALLE ALENZA 1,40.44258652423883,-3.7007870509139242,131,consulado,372.6422286451238
Consulado de Ecuador,CALLE ALENZA 1,40.44258652423883,-3.7007870509139242,133,consulado,509.9351113407207
Consulado de El Salvador,CALLE GENERAL ORAA 9 PLANTA 5 Interior Izquierda,40.43642084178578,-3.687067152583129,141,consulado,282.9030513501236
Consulado de El Salvador,CALLE GENERAL ORAA 9 PLANTA 5 Interior Izquierda,40.43642084178578,-3.687067152583129,142,consulado,348.4052941514271
Consulado de El Salvador,CALLE GENERAL ORAA 9 PLANTA 5 Interior Izquierda,40.43642084178578,-3.687067152583129,190,consulado,474.40697535851194
Consulado de Etiopía,CALLE VELAZQUEZ 3 PLANTA 4,40.42148926032306,-3.6846401694200934,102,consulado,56.80763250489319
Consulado de Etiopía,CALLE VELAZQUEZ 3 PLANTA 4,40.42148926032306,-3.6846401694200934,96,consulado,277.9016033102922
Consulado de Etiopía,CALLE VELAZQUEZ 3 PLANTA 4,40.42148926032306,-3.6846401694200934,95,consulado,280.997593676709
Consulado de Francia,CALLE MARQUES DE LA ENSENADA 10 C,40.424488220772155,-3.692380132628246,10,consulado,106.38951058709964
Consulado de Francia,CALLE MARQUES DE LA ENSENADA 10 C,40.424488220772155,-3.692380132628246,94,consulado,230.0065043117107
Consulado de Francia,CALLE MARQUES DE LA ENSENADA 10 C,40.424488220772155,-3.692380132628246,26,consulado,245.37217484577025
Consulado de Gambia,CALLE ALFONSO XII 46,40.4126161626266,-3.6890525764985806,68,consulado,253.8620770258948
Consulado de Gambia,CALLE ALFONSO XII 46,40.4126161626266,-3.6890525764985806,69,consulado,313.6596068959931
Consulado de Gambia,CALLE ALFONSO XII 46,40.4126161626266,-3.6890525764985806,283,consulado,429.59570995471825
Consulado de Islandia,CALLE POLLENSA 2 PLANTA 2 Oficina 17,,,2,consulado,
Consulado de Islandia,CALLE POLLENSA 2 PLANTA 2 Oficina 17,,,3,consulado,
Consulado de Islandia,CALLE POLLENSA 2 PLANTA 2 Oficina 17,,,5,consulado,
Consulado de Jamaica,CALLE JUAN DE MENA 6 PLANTA Bajo A,40.4172349956707,-3.691032771246455,65,consulado,188.94848445324814
Consulado de Jamaica,CALLE JUAN DE MENA 6 PLANTA Bajo A,40.4172349956707,-3.691032771246455,283,consulado,245.73830310623472
Consulado de Jamaica,CALLE JUAN DE MENA 6 PLANTA Bajo A,40.4172349956707,-3.691032771246455,86,consulado,302.7756283193919
Consulado de Macedonia del Norte,CALLE CAPITAN HAYA 60 PLANTA 6,40.46310214118726,-3.691439378838705,299,consulado,129.44161209565095
Consulado de Macedonia del Norte,CALLE CAPITAN HAYA 60 PLANTA 6,40.46310214118726,-3.691439378838705,209,consulado,420.72699653801055
Consulado de Macedonia del Norte,CALLE CAPITAN HAYA 60 PLANTA 6,40.46310214118726,-3.691439378838705,156,consulado,430.603719084309
Consulado de Mali,CALLE ZURBANO 29 PLANTA 2 Izquierda,40.4313099318025,-3.693570096673511,122,consulado,369.12507526065804
Consulado de Mali,CALLE ZURBANO 29 PLANTA 2 Izquierda,40.4313099318025,-3.693570096673511,8,consulado,436.2497277206466
Consulado de Mali,CALLE ZURBANO 29 PLANTA 2 Izquierda,40.4313099318025,-3.693570096673511,125,consulado,464.878672955283
Consulado de Marruecos,CALLE LEIZARAN 31,40.44778292174744,-3.6806852423855867,147,consulado,158.975254896411
Consulado de Marruecos,CALLE LEIZARAN 31,40.44778292174744,-3.6806852423855867,148,consulado,379.54749644158176
Consulado de Marruecos,CALLE LEIZARAN 31,40.44778292174744,-3.6806852423855867,146,consulado,442.97600629814116
Consulado de Mónaco,AVENIDA MADRO&amp;Ntilde;OS 21 PLANTA 4 B,40.454801307058105,-3.6459264433419185,526,consulado,348.51163280465124
Consulado de Mónaco,AVENIDA MADRO&amp;Ntilde;OS 21 PLANTA 4 B,40.454801307058105,-3.6459264433419185,481,consulado,806.7695607686377
Consulado de Mónaco,AVENIDA MADRO&amp;Ntilde;OS 21 PLANTA 4 B,40.454801307058105,-3.6459264433419185,546,consulado,905.9663100162649
Consulado de Nicaragua,CALLE PUERTO DE SANTA MARIA 73 B,40.45931841429917,-3.6524238447949635,523,consulado,430.6920333857455
Consulado de Nicaragua,CALLE PUERTO DE SANTA MARIA 73 B,40.45931841429917,-3.6524238447949635,479,consulado,632.2944523506827
Consulado de Nicaragua,CALLE PUERTO DE SANTA MARIA 73 B,40.45931841429917,-3.6524238447949635,546,consulado,747.6859659670243
Consulado de Panamá,CALLE CARACAS 23 PLANTA BAJO,40.43073323148883,-3.6939542885166206,122,consulado,300.2122091590098
Consulado de Panamá,CALLE CARACAS 23 PLANTA BAJO,40.43073323148883,-3.6939542885166206,8,consulado,359.4403360470717
Consulado de Panamá,CALLE CARACAS 23 PLANTA BAJO,40.43073323148883,-3.6939542885166206,125,consulado,517.0497889114821
Consulado de Paraguay,AVENIDA ALBERTO ALCOCER 45 PLANTA 1,40.4588444878455,-3.679405144214614,160,consulado,385.02999715654687
Consulado de Paraguay,AVENIDA ALBERTO ALCOCER 45 PLANTA 1,40.4588444878455,-3.679405144214614,254,consulado,397.87222391563
Consulado de Paraguay,AVENIDA ALBERTO ALCOCER 45 PLANTA 1,40.4588444878455,-3.679405144214614,158,consulado,582.527512227176
Consulado de Perú,PASEO PINTOR ROSALES 30,40.42711354506284,-3.719659854297127,113,consulado,128.00660427267073
Consulado de Perú,PASEO PINTOR ROSALES 30,40.42711354506284,-3.719659854297127,114,consulado,257.9828531263765
Consulado de Perú,PASEO PINTOR ROSALES 30,40.42711354506284,-3.719659854297127,115,consulado,353.2147545752956
Consulado de Reino Unido de Gran Bretaña e Irlanda del Norte,PASEO CASTELLANA 259 D Torre Espacio,40.47592404926307,-3.6872691224974417,248,consulado,196.07823393572255
Consulado de Reino Unido de Gran Bretaña e Irlanda del Norte,PASEO CASTELLANA 259 D Torre Espacio,40.47592404926307,-3.6872691224974417,249,consulado,453.8318337974496
Consulado de Reino Unido de Gran Bretaña e Irlanda del Norte,PASEO CASTELLANA 259 D Torre Espacio,40.47592404926307,-3.6872691224974417,217,consulado,587.7706789234139
Consulado de República Centroafricana,CALLE SANTA ELVIRA 25,40.45626059848089,-3.7936614755018385,315,consulado,1041.5754118405453
Consulado de República Centroafricana,CALLE SANTA ELVIRA 25,40.45626059848089,-3.7936614755018385,310,consulado,1294.8376020995408
Consulado de República Centroafricana,CALLE SANTA ELVIRA 25,40.45626059848089,-3.7936614755018385,610,consulado,2519.55613200981
Consulado de República Dominicana,PASEO CASTELLANA 128 PLANTA 1,40.449933495141345,-3.6902354909034027,150,consulado,112.1352818912333
Consulado de República Dominicana,PASEO CASTELLANA 128 PLANTA 1,40.449933495141345,-3.6902354909034027,149,consulado,257.3074568062569
Consulado de República Dominicana,PASEO CASTELLANA 128 PLANTA 1,40.449933495141345,-3.6902354909034027,153,consulado,458.54169212626516
Consulado de Rumanía,AVENIDA ALBUFERA 319 PLANTA 15,40.38432808144638,-3.633019867127129,434,consulado,283.8276384553429
Consulado de Rumanía,AVENIDA ALBUFERA 319 PLANTA 15,40.38432808144638,-3.633019867127129,432,consulado,552.4859993249187
Consulado de Rumanía,AVENIDA ALBUFERA 319 PLANTA 15,40.38432808144638,-3.633019867127129,435,consulado,895.9668415483848
Consulado de San Marino,PASEO CASTELLANA 13 PLANTA 3,40.42793321049834,-3.690281666974233,104,consulado,151.30619775352554
Consulado de San Marino,PASEO CASTELLANA 13 PLANTA 3,40.42793321049834,-3.690281666974233,93,consulado,264.0620461011669
Consulado de San Marino,PASEO CASTELLANA 13 PLANTA 3,40.42793321049834,-3.690281666974233,105,consulado,319.9461016902937
Consulado de Senegal,CALLE PALERMO 13,40.459169743269854,-3.6510665185268176,523,consulado,412.3787706102655
Consulado de Senegal,CALLE PALERMO 13,40.459169743269854,-3.6510665185268176,546,consulado,635.482762072442
Consulado de Senegal,CALLE PALERMO 13,40.459169743269854,-3.6510665185268176,479,consulado,722.2017414024943
Consulado de Uruguay,PASEO PINTOR ROSALES 32 PLANTA 8,40.42732035257515,-3.7198652917862693,113,consulado,99.05807819103084
Consulado de Uruguay,PASEO PINTOR ROSALES 32 PLANTA 8,40.42732035257515,-3.7198652917862693,114,consulado,274.09826502007286
Consulado de Uruguay,PASEO PINTOR ROSALES 32 PLANTA 8,40.42732035257515,-3.7198652917862693,115,consulado,385.1912125118917
Consulado de Venezuela,CALLE ELOY GONZALO 40,40.43470677362925,-3.6990941188479263,246,consulado,140.3330212608104
Consulado de Venezuela,CALLE ELOY GONZALO 40,40.43470677362925,-3.6990941188479263,126,consulado,302.5816208886872
Consulado de Venezuela,CALLE ELOY GONZALO 40,40.43470677362925,-3.6990941188479263,124,consulado,417.21950350393365
Embajada de Afganistan,CALLE MORALZARZAL 44,40.49067,-3.70641,605,embajada,201.9209686533174
Embajada de Afganistan,CALLE MORALZARZAL 44,40.49067,-3.70641,580,embajada,814.4986311792675
Embajada de Afganistan,CALLE MORALZARZAL 44,40.49067,-3.70641,587,embajada,952.4197045512883
Embajada de Albania,CALLE LAGASCA 68 PLANTA 1 D,40.42794681518573,-3.684965004278467,87,embajada,192.01204058085992
Embajada de Albania,CALLE LAGASCA 68 PLANTA 1 D,40.42794681518573,-3.684965004278467,92,embajada,254.84670613936228
Embajada de Albania,CALLE LAGASCA 68 PLANTA 1 D,40.42794681518573,-3.684965004278467,105,embajada,303.0931026950248
Embajada de Alemania,CALLE FORTUNY 8,40.429948081680884,-3.6908092066734293,198,embajada,297.5357080747452
Embajada de Alemania,CALLE FORTUNY 8,40.429948081680884,-3.6908092066734293,104,embajada,379.4253803361604
Embajada de Alemania,CALLE FORTUNY 8,40.429948081680884,-3.6908092066734293,103,embajada,458.0796780832062
Embajada de Andorra,CALLE ALCALA 73,40.420463942385524,-3.6873880759267004,60,embajada,137.74166109376893
Embajada de Andorra,CALLE ALCALA 73,40.420463942385524,-3.6873880759267004,107,embajada,165.09333659466822
Embajada de Andorra,CALLE ALCALA 73,40.420463942385524,-3.6873880759267004,95,embajada,237.0085391624644
Embajada de Angola,CALLE LAGASCA 88 PLANTA 2,40.42991206232817,-3.6847491581278606,88,embajada,190.7881023072186
Embajada de Angola,CALLE LAGASCA 88 PLANTA 2,40.42991206232817,-3.6847491581278606,103,embajada,232.91469145764287
Embajada de Angola,CALLE LAGASCA 88 PLANTA 2,40.42991206232817,-3.6847491581278606,87,embajada,293.93852864724016
Embajada de Antigua y Barbuda,CALLE FELIPE IV 7 PLANTA 4 B,40.41536771561358,-3.6912279554199525,283,embajada,77.66040941752989
Embajada de Antigua y Barbuda,CALLE FELIPE IV 7 PLANTA 4 B,40.41536771561358,-3.6912279554199525,65,embajada,250.0043899232993
Embajada de Antigua y Barbuda,CALLE FELIPE IV 7 PLANTA 4 B,40.41536771561358,-3.6912279554199525,68,embajada,289.4604884658298
Embajada de Arabia Saudí,CALLE DOCTOR ALVAREZ SIERRA 3,40.467682054006126,-3.6670731436438135,534,embajada,409.05009078783206
Embajada de Arabia Saudí,CALLE DOCTOR ALVAREZ SIERRA 3,40.467682054006126,-3.6670731436438135,486,embajada,423.02104098390697
Embajada de Arabia Saudí,CALLE DOCTOR ALVAREZ SIERRA 3,40.467682054006126,-3.6670731436438135,487,embajada,435.92589412160777
Embajada de Argelia,CALLE GENERAL ORAA 12,40.43620263089244,-3.685885895310761,190,embajada,350.7728675693413
Embajada de Argelia,CALLE GENERAL ORAA 12,40.43620263089244,-3.685885895310761,142,embajada,384.68964826536745
Embajada de Argelia,CALLE GENERAL ORAA 12,40.43620263089244,-3.685885895310761,141,embajada,401.0347647223831
Embajada de Argentina,CALLE FERNANDO EL SANTO 15 PLANTA 1,40.42822303456559,-3.692664355978796,8,embajada,312.1691817696861
Embajada de Argentina,CALLE FERNANDO EL SANTO 15 PLANTA 1,40.42822303456559,-3.692664355978796,10,embajada,320.0876048665401
Embajada de Argentina,CALLE FERNANDO EL SANTO 15 PLANTA 1,40.42822303456559,-3.692664355978796,104,embajada,380.1874815505054
Embajada de Armenia,CALLE MAYOR 81 Entrada derecha,40.41494312060603,-3.7138636213185077,166,embajada,127.70365437936366
Embajada de Armenia,CALLE MAYOR 81 Entrada derecha,40.41494312060603,-3.7138636213185077,36,embajada,306.9074898998076
Embajada de Armenia,CALLE MAYOR 81 Entrada derecha,40.41494312060603,-3.7138636213185077,35,embajada,403.0967390802224
Embajada de Australia,PASEO CASTELLANA 259 D PLANTA 24 Torre Espacio,40.47592404926307,-3.6872691224974417,248,embajada,196.07823393572255
Embajada de Australia,PASEO CASTELLANA 259 D PLANTA 24 Torre Espacio,40.47592404926307,-3.6872691224974417,249,embajada,453.8318337974496
Embajada de Australia,PASEO CASTELLANA 259 D PLANTA 24 Torre Espacio,40.47592404926307,-3.6872691224974417,217,embajada,587.7706789234139
Embajada de Austria,PASEO CASTELLANA 91 PLANTA 9,40.45055668619461,-3.691480118133545,150,embajada,179.0279221551696
Embajada de Austria,PASEO CASTELLANA 91 PLANTA 9,40.45055668619461,-3.691480118133545,153,embajada,305.9111251375552
Embajada de Austria,PASEO CASTELLANA 91 PLANTA 9,40.45055668619461,-3.691480118133545,149,embajada,403.6908725402556
Embajada de Azerbaiyán,CALLE VELAZQUEZ 43 PLANTA 1 derecha,40.42690514525314,-3.6841849910219326,87,embajada,138.85080177333364
Embajada de Azerbaiyán,CALLE VELAZQUEZ 43 PLANTA 1 derecha,40.42690514525314,-3.6841849910219326,90,embajada,199.1778772721658
Embajada de Azerbaiyán,CALLE VELAZQUEZ 43 PLANTA 1 derecha,40.42690514525314,-3.6841849910219326,92,embajada,272.034410166593
Embajada de Bangladesh,CALLE MANUEL MARAÑÓN 13,40.45731428368615,-3.65577802621038,479,embajada,281.7890012263312
Embajada de Bangladesh,CALLE MANUEL MARAÑÓN 13,40.45731428368615,-3.65577802621038,480,embajada,554.3801940252289
Embajada de Bangladesh,CALLE MANUEL MARAÑÓN 13,40.45731428368615,-3.65577802621038,481,embajada,791.6129118302237
Embajada de Belarus,CALLE CALERUEGA 81 PLANTA 2 A,40.48331995261287,-3.668097020513215,494,embajada,340.6524826920422
Embajada de Belarus,CALLE CALERUEGA 81 PLANTA 2 A,40.48331995261287,-3.668097020513215,540,embajada,515.0639372258679
Embajada de Belarus,CALLE CALERUEGA 81 PLANTA 2 A,40.48331995261287,-3.668097020513215,495,embajada,580.054026094519
Embajada de Bolivia,CALLE GUISANDO 27,40.472122704189225,-3.731927690209909,599,embajada,1419.3991090018203
Embajada de Bolivia,CALLE GUISANDO 27,40.472122704189225,-3.731927690209909,317,embajada,1481.387660219799
Embajada de Bolivia,CALLE GUISANDO 27,40.472122704189225,-3.731927690209909,316,embajada,1588.6733142653354
Embajada de Bosnia y Herzegovina,CALLE LAGASCA 20 PLANTA 2 Izquierda,40.42224925491233,-3.6856144842883563,95,embajada,150.26418837202053
Embajada de Bosnia y Herzegovina,CALLE LAGASCA 20 PLANTA 2 Izquierda,40.42224925491233,-3.6856144842883563,102,embajada,194.52985468387146
Embajada de Bosnia y Herzegovina,CALLE LAGASCA 20 PLANTA 2 Izquierda,40.42224925491233,-3.6856144842883563,107,embajada,318.31440498792955
Embajada de Brasil,CALLE FERNANDO EL SANTO 6,40.42813385533694,-3.6943862723970384,8,embajada,121.24016524055686
Embajada de Brasil,CALLE FERNANDO EL SANTO 6,40.42813385533694,-3.6943862723970384,122,embajada,270.43633786717777
Embajada de Brasil,CALLE FERNANDO EL SANTO 6,40.42813385533694,-3.6943862723970384,10,embajada,396.5230995770356
Embajada de Bulgaria,TRAVESIA SANTA MARIA MAGDALENA 15,40.46214764815634,-3.6706866071808317,285,embajada,106.45459727189407
Embajada de Bulgaria,TRAVESIA SANTA MARIA MAGDALENA 15,40.46214764815634,-3.6706866071808317,291,embajada,496.654067917979
Embajada de Bulgaria,TRAVESIA SANTA MARIA MAGDALENA 15,40.46214764815634,-3.6706866071808317,288,embajada,506.42722788629925
Embajada de Bélgica,PASEO CASTELLANA 18 PLANTA 6,40.428625519984514,-3.6890037404933405,104,embajada,216.3270282884061
Embajada de Bélgica,PASEO CASTELLANA 18 PLANTA 6,40.428625519984514,-3.6890037404933405,105,embajada,236.7967821117334
Embajada de Bélgica,PASEO CASTELLANA 18 PLANTA 6,40.428625519984514,-3.6890037404933405,93,embajada,321.2985998082369
Embajada de Cabo Verde,CALLE PRINCIPE DE VERGARA 93 PLANTA 1 A-B,40.43671844016731,-3.679394598170634,194,embajada,257.25871930353463
Embajada de Cabo Verde,CALLE PRINCIPE DE VERGARA 93 PLANTA 1 A-B,40.43671844016731,-3.679394598170634,143,embajada,270.5394833431384
Embajada de Cabo Verde,CALLE PRINCIPE DE VERGARA 93 PLANTA 1 A-B,40.43671844016731,-3.679394598170634,140,embajada,467.4407141365154
Embajada de Camerún,CALLE ROSARIO PINO 3,40.46193772299665,-3.691030654751275,299,embajada,101.36452266768006
Embajada de Camerún,CALLE ROSARIO PINO 3,40.46193772299665,-3.691030654751275,156,embajada,306.0288435695331
Embajada de Camerún,CALLE ROSARIO PINO 3,40.46193772299665,-3.691030654751275,157,embajada,360.15191412142843
Embajada de Canadá,PASEO CASTELLANA 259 D Torre Emperador Castellana,40.47910934549671,-3.68640496729094,249,embajada,128.81892499620724
Embajada de Canadá,PASEO CASTELLANA 259 D Torre Emperador Castellana,40.47910934549671,-3.68640496729094,217,embajada,357.4790822407703
Embajada de Canadá,PASEO CASTELLANA 259 D Torre Emperador Castellana,40.47910934549671,-3.68640496729094,248,embajada,561.8631542255285
Embajada de Chile,CALLE LAGASCA 88 PLANTA 6 Derecha,40.42991199250328,-3.6847609466814806,88,embajada,191.50432176729782
Embajada de Chile,CALLE LAGASCA 88 PLANTA 6 Derecha,40.42991199250328,-3.6847609466814806,103,embajada,231.66096992163506
Embajada de Chile,CALLE LAGASCA 88 PLANTA 6 Derecha,40.42991199250328,-3.6847609466814806,87,embajada,294.6789921077585
Embajada de China,CALLE ARTURO SORIA 111 y 113,40.45159983039448,-3.6530808256748477,481,embajada,109.81418199000369
Embajada de China,CALLE ARTURO SORIA 111 y 113,40.45159983039448,-3.6530808256748477,479,embajada,469.1921311855016
Embajada de China,CALLE ARTURO SORIA 111 y 113,40.45159983039448,-3.6530808256748477,528,embajada,535.9959810885683
Embajada de Chipre,PASEO CASTELLANA 45 4-5,40.4357025961309,-3.6896772816624206,141,embajada,45.984263482461465
Embajada de Chipre,PASEO CASTELLANA 45 4-5,40.4357025961309,-3.6896772816624206,142,embajada,322.2327037505327
Embajada de Chipre,PASEO CASTELLANA 45 4-5,40.4357025961309,-3.6896772816624206,198,embajada,417.1713005414782
Embajada de Colombia,PASEO GENERAL MARTINEZ CAMPOS 48,40.435042937705084,-3.6900124559407823,141,embajada,80.10459077462313
Embajada de Colombia,PASEO GENERAL MARTINEZ CAMPOS 48,40.435042937705084,-3.6900124559407823,142,embajada,296.341116954515
Embajada de Colombia,PASEO GENERAL MARTINEZ CAMPOS 48,40.435042937705084,-3.6900124559407823,198,embajada,353.7001907018021
Embajada de Costa Rica,CALLE RIOS ROSAS 54 PLANTA BAJA DERECHA,40.441550649362455,-3.695491196074582,134,embajada,293.0259214512717
Embajada de Costa Rica,CALLE RIOS ROSAS 54 PLANTA BAJA DERECHA,40.441550649362455,-3.695491196074582,135,embajada,307.66642504405394
Embajada de Costa Rica,CALLE RIOS ROSAS 54 PLANTA BAJA DERECHA,40.441550649362455,-3.695491196074582,247,embajada,463.4864226407781
Embajada de Costa de Marfil,CALLE SERRANO 154,40.44436689148431,-3.685532581089074,137,embajada,122.26322881663164
Embajada de Costa de Marfil,CALLE SERRANO 154,40.44436689148431,-3.685532581089074,250,embajada,415.0146995899153
Embajada de Costa de Marfil,CALLE SERRANO 154,40.44436689148431,-3.685532581089074,136,embajada,590.1805520493858
Embajada de Croacia,CALLE CLAUDIO COELLO 78 2,40.43000619511413,-3.685587151651725,103,embajada,141.60890734509502
Embajada de Croacia,CALLE CLAUDIO COELLO 78 2,40.43000619511413,-3.685587151651725,88,embajada,247.05964690376206
Embajada de Croacia,CALLE CLAUDIO COELLO 78 2,40.43000619511413,-3.685587151651725,87,embajada,362.5629670538915
Embajada de Cuba,PASEO LA HABANA 194,40.46201039787292,-3.680298066003204,290,embajada,266.5192373383566
Embajada de Cuba,PASEO LA HABANA 194,40.46201039787292,-3.680298066003204,254,embajada,431.88223067626967
Embajada de Cuba,PASEO LA HABANA 194,40.46201039787292,-3.680298066003204,255,embajada,584.8398661593218
Embajada de Dinamarca,CALLE SERRANO 26 PLANTA 7,40.42419079459679,-3.6878739673021554,106B,embajada,65.16931259521554
Embajada de Dinamarca,CALLE SERRANO 26 PLANTA 7,40.42419079459679,-3.6878739673021554,106A,embajada,81.96119396390394
Embajada de Dinamarca,CALLE SERRANO 26 PLANTA 7,40.42419079459679,-3.6878739673021554,95,embajada,211.56528896547562
Embajada de Ecuador,CALLE VELAZQUEZ 114 PLANTA 2 Derecha,40.435795915806075,-3.683063883088262,190,embajada,169.53186759374069
Embajada de Ecuador,CALLE VELAZQUEZ 114 PLANTA 2 Derecha,40.435795915806075,-3.683063883088262,140,embajada,329.582445295559
Embajada de Ecuador,CALLE VELAZQUEZ 114 PLANTA 2 Derecha,40.435795915806075,-3.683063883088262,88,embajada,501.41339178385675
Embajada de Egipto,CALLE VELAZQUEZ 69,40.4308453094989,-3.683850838409026,88,embajada,57.0739200614407
Embajada de Egipto,CALLE VELAZQUEZ 69,40.4308453094989,-3.683850838409026,109,embajada,279.35090235987985
Embajada de Egipto,CALLE VELAZQUEZ 69,40.4308453094989,-3.683850838409026,103,embajada,324.6357544695731
Embajada de El Salvador,PASEO CASTELLANA 178 PLANTA 1 D,40.4608230762265,-3.689108497357059,157,embajada,190.82765161851816
Embajada de El Salvador,PASEO CASTELLANA 178 PLANTA 1 D,40.4608230762265,-3.689108497357059,156,embajada,323.1015279152304
Embajada de El Salvador,PASEO CASTELLANA 178 PLANTA 1 D,40.4608230762265,-3.689108497357059,299,embajada,343.329611663295
Embajada de Emiratos Árabes Unidos,CALLE HERNANDEZ DE TEJADA 7,40.44732421323511,-3.650834273921257,481,embajada,454.95855543514085
Embajada de Emiratos Árabes Unidos,CALLE HERNANDEZ DE TEJADA 7,40.44732421323511,-3.650834273921257,230,embajada,463.5239363757584
Embajada de Emiratos Árabes Unidos,CALLE HERNANDEZ DE TEJADA 7,40.44732421323511,-3.650834273921257,528,embajada,765.1797971155298
Embajada de Eslovaquia,CALLE PINAR 20,40.439131480262496,-3.6872480288401794,250,embajada,232.99668492814928
Embajada de Eslovaquia,CALLE PINAR 20,40.439131480262496,-3.6872480288401794,139,embajada,354.9779309371259
Embajada de Eslovaquia,CALLE PINAR 20,40.439131480262496,-3.6872480288401794,140,embajada,469.22427242109507
Embajada de Eslovenia,CALLE HERMANOS BECQUER 7 PLANTA 2,40.43655950820698,-3.687988217057569,141,embajada,202.57496190151812
Embajada de Eslovenia,CALLE HERMANOS BECQUER 7 PLANTA 2,40.43655950820698,-3.687988217057569,142,embajada,350.84040848526314
Embajada de Eslovenia,CALLE HERMANOS BECQUER 7 PLANTA 2,40.43655950820698,-3.687988217057569,139,embajada,416.19650684798285
Embajada de Estados Unidos de América,CALLE SERRANO 75,40.43462082822759,-3.686765868102311,142,embajada,186.1455800975724
Embajada de Estados Unidos de América,CALLE SERRANO 75,40.43462082822759,-3.686765868102311,141,embajada,305.6342620247357
Embajada de Estados Unidos de América,CALLE SERRANO 75,40.43462082822759,-3.686765868102311,190,embajada,379.8457888663395
Embajada de Estonia,CALLE CLAUDIO COELLO 91 PLANTA 1 DERECHA,40.43068902185026,-3.6859006104054375,103,embajada,95.73130001630858
Embajada de Estonia,CALLE CLAUDIO COELLO 91 PLANTA 1 DERECHA,40.43068902185026,-3.6859006104054375,88,embajada,242.63970301224336
Embajada de Estonia,CALLE CLAUDIO COELLO 91 PLANTA 1 DERECHA,40.43068902185026,-3.6859006104054375,142,embajada,377.05740087419997
Embajada de Filipinas,CALLE ERESMA 2,40.44669945349186,-3.685662410274511,137,embajada,143.97535625805844
Embajada de Filipinas,CALLE ERESMA 2,40.44669945349186,-3.685662410274511,149,embajada,432.5743617726689
Embajada de Filipinas,CALLE ERESMA 2,40.44669945349186,-3.685662410274511,136,embajada,596.0159002125881
Embajada de Finlandia,PASEO CASTELLANA 15 PLANTA 4,40.42811394313855,-3.690189203244315,104,embajada,164.3180986539177
Embajada de Finlandia,PASEO CASTELLANA 15 PLANTA 4,40.42811394313855,-3.690189203244315,93,embajada,278.9358228475325
Embajada de Finlandia,PASEO CASTELLANA 15 PLANTA 4,40.42811394313855,-3.690189203244315,105,embajada,316.82685104839993
Embajada de Francia,CALLE SALUSTIANO OLOZAGA 9,40.42053900269312,-3.68991139140075,60,embajada,190.19834713862363
Embajada de Francia,CALLE SALUSTIANO OLOZAGA 9,40.42053900269312,-3.68991139140075,107,embajada,204.85518221020467
Embajada de Francia,CALLE SALUSTIANO OLOZAGA 9,40.42053900269312,-3.68991139140075,94,embajada,312.466860926428
Embajada de Gabón,CALLE ORENSE 68 PLANTA 2 IZQUIERDA,40.461715298599664,-3.693784947795898,299,embajada,209.97023161734108
Embajada de Gabón,CALLE ORENSE 68 PLANTA 2 IZQUIERDA,40.461715298599664,-3.693784947795898,156,embajada,373.2736387580931
Embajada de Gabón,CALLE ORENSE 68 PLANTA 2 IZQUIERDA,40.461715298599664,-3.693784947795898,207,embajada,422.76671273152715
Embajada de Gambia,CALLE HERNANDEZ IGLESIAS 20 B,40.44189900508045,-3.64472118306081,478,embajada,410.86087016512556
Embajada de Gambia,CALLE HERNANDEZ IGLESIAS 20 B,40.44189900508045,-3.64472118306081,230,embajada,498.8568377927495
Embajada de Gambia,CALLE HERNANDEZ IGLESIAS 20 B,40.44189900508045,-3.64472118306081,229,embajada,705.085457660341
Embajada de Georgia,PLAZA CORTES 4 PLANTA 5 DERECHA,40.41582948601852,-3.6955563094397,29,embajada,65.13977729346789
Embajada de Georgia,PLAZA CORTES 4 PLANTA 5 DERECHA,40.41582948601852,-3.6955563094397,27,embajada,282.0369456870254
Embajada de Georgia,PLAZA CORTES 4 PLANTA 5 DERECHA,40.41582948601852,-3.6955563094397,20A,embajada,333.31861011349133
Embajada de Ghana,CALLE HERNANDEZ DE TEJADA 10,40.447162324487145,-3.6506769412919526,230,embajada,439.3145779282617
Embajada de Ghana,CALLE HERNANDEZ DE TEJADA 10,40.447162324487145,-3.6506769412919526,481,embajada,477.9070671289379
Embajada de Ghana,CALLE HERNANDEZ DE TEJADA 10,40.447162324487145,-3.6506769412919526,528,embajada,787.4816293513674
Embajada de Grecia,AVENIDA DOCTOR ARCE 24,40.4472975753116,-3.680491668946674,147,embajada,172.88640590771067
Embajada de Grecia,AVENIDA DOCTOR ARCE 24,40.4472975753116,-3.680491668946674,146,embajada,385.1283586193439
Embajada de Grecia,AVENIDA DOCTOR ARCE 24,40.4472975753116,-3.680491668946674,148,embajada,437.00809930666844
Embajada de Guatemala,CALLE VELAZQUEZ 114 PLANTA 1 IZQUIERDA,40.43579499501083,-3.6830553901663263,190,embajada,169.6283179260453
Embajada de Guatemala,CALLE VELAZQUEZ 114 PLANTA 1 IZQUIERDA,40.43579499501083,-3.6830553901663263,140,embajada,329.68451911287696
Embajada de Guatemala,CALLE VELAZQUEZ 114 PLANTA 1 IZQUIERDA,40.43579499501083,-3.6830553901663263,88,embajada,501.47482629428714
Embajada de Guinea,CALLE LUIS MURIEL 4,40.448801374698455,-3.6882191727598235,149,embajada,121.25944458483877
Embajada de Guinea,CALLE LUIS MURIEL 4,40.448801374698455,-3.6882191727598235,150,embajada,289.80596411032855
Embajada de Guinea,CALLE LUIS MURIEL 4,40.448801374698455,-3.6882191727598235,138,embajada,492.37290460670965
Embajada de Guinea Ecuatorial,AVENIDA PIO XII 14,40.46481349821753,-3.6754666562248497,288,embajada,394.9260703191574
Embajada de Guinea Ecuatorial,AVENIDA PIO XII 14,40.46481349821753,-3.6754666562248497,286,embajada,437.87072139322646
Embajada de Guinea Ecuatorial,AVENIDA PIO XII 14,40.46481349821753,-3.6754666562248497,254,embajada,441.6887987886446
Embajada de Guinea-Bissau,AVENIDA AMERICA 16 PLANTA 1 DERECHA,40.438537097580785,-3.674979575450985,195,embajada,92.22190785001256
Embajada de Guinea-Bissau,AVENIDA AMERICA 16 PLANTA 1 DERECHA,40.438537097580785,-3.674979575450985,194,embajada,280.8858395068371
Embajada de Guinea-Bissau,AVENIDA AMERICA 16 PLANTA 1 DERECHA,40.438537097580785,-3.674979575450985,294,embajada,398.18410103503
Embajada de Haití,PASEO CASTELLANA 15 PLANTA 3 B,40.42811394313855,-3.690189203244315,104,embajada,164.3180986539177
Embajada de Haití,PASEO CASTELLANA 15 PLANTA 3 B,40.42811394313855,-3.690189203244315,93,embajada,278.9358228475325
Embajada de Haití,PASEO CASTELLANA 15 PLANTA 3 B,40.42811394313855,-3.690189203244315,105,embajada,316.82685104839993
Embajada de Honduras,PASEO CASTELLANA 134 PLANTA 1 D,40.450794296933225,-3.690149606698102,150,embajada,202.0813162109103
Embajada de Honduras,PASEO CASTELLANA 134 PLANTA 1 D,40.450794296933225,-3.690149606698102,149,embajada,268.8927537010411
Embajada de Honduras,PASEO CASTELLANA 134 PLANTA 1 D,40.450794296933225,-3.690149606698102,153,embajada,419.8076626394882
Embajada de Hungría,CALLE FORTUNY 6 PLANTA 4,40.42910937757233,-3.6909538832505566,104,embajada,302.1682321427763
Embajada de Hungría,CALLE FORTUNY 6 PLANTA 4,40.42910937757233,-3.6909538832505566,198,embajada,382.50640554012807
Embajada de Hungría,CALLE FORTUNY 6 PLANTA 4,40.42910937757233,-3.6909538832505566,93,embajada,414.37237541132134
Embajada de India,AVENIDA PIO XII 30 y 32,40.46669236532539,-3.674598330204083,288,embajada,258.43323259824183
Embajada de India,AVENIDA PIO XII 30 y 32,40.46669236532539,-3.674598330204083,286,embajada,392.0660177519374
Embajada de India,AVENIDA PIO XII 30 y 32,40.46669236532539,-3.674598330204083,285,embajada,599.035380143938
Embajada de Indonesia,CALLE AGASTIA 65,40.448506444421625,-3.6536640916192464,481,embajada,339.8471787225979
Embajada de Indonesia,CALLE AGASTIA 65,40.448506444421625,-3.6536640916192464,528,embajada,425.4047676831005
Embajada de Indonesia,CALLE AGASTIA 65,40.448506444421625,-3.6536640916192464,214,embajada,670.5836291108523
Embajada de Iran,CALLE JEREZ 5 Villa El Altozano,40.464201488428714,-3.6772609590516034,290,embajada,299.95476109654686
Embajada de Iran,CALLE JEREZ 5 Villa El Altozano,40.464201488428714,-3.6772609590516034,254,embajada,364.86482291601874
Embajada de Iran,CALLE JEREZ 5 Villa El Altozano,40.464201488428714,-3.6772609590516034,286,embajada,417.8419494926522
Embajada de Iraq,CALLE CARRIL DEL CONDE 56,40.45987984928293,-3.654540960444581,523,embajada,525.7638663846836
Embajada de Iraq,CALLE CARRIL DEL CONDE 56,40.45987984928293,-3.654540960444581,479,embajada,585.4435609088555
Embajada de Iraq,CALLE CARRIL DEL CONDE 56,40.45987984928293,-3.654540960444581,480,embajada,665.0160659106683
Embajada de Irlanda,PASEO CASTELLANA 46 PLANTA 4,40.43419977951646,-3.6878816351465096,142,embajada,88.14307951032453
Embajada de Irlanda,PASEO CASTELLANA 46 PLANTA 4,40.43419977951646,-3.6878816351465096,141,embajada,215.32787841224155
Embajada de Irlanda,PASEO CASTELLANA 46 PLANTA 4,40.43419977951646,-3.6878816351465096,198,embajada,280.0655859551205
Embajada de Israel,CALLE VELAZQUEZ 150 PLANTA 7,40.44314776253032,-3.6824349354549653,137,embajada,412.7939803431084
Embajada de Israel,CALLE VELAZQUEZ 150 PLANTA 7,40.44314776253032,-3.6824349354549653,146,embajada,418.4435290083934
Embajada de Israel,CALLE VELAZQUEZ 150 PLANTA 7,40.44314776253032,-3.6824349354549653,250,embajada,468.05696666759553
Embajada de Italia,CALLE LAGASCA 98,40.43211138948028,-3.6845592531777847,88,embajada,116.84699718255206
Embajada de Italia,CALLE LAGASCA 98,40.43211138948028,-3.6845592531777847,190,embajada,277.647849564984
Embajada de Italia,CALLE LAGASCA 98,40.43211138948028,-3.6845592531777847,103,embajada,300.6392365326132
Embajada de Japón,CALLE SERRANO 109,40.43983073591458,-3.6863118701222697,250,embajada,106.95028807869292
Embajada de Japón,CALLE SERRANO 109,40.43983073591458,-3.6863118701222697,140,embajada,382.1257385427518
Embajada de Japón,CALLE SERRANO 109,40.43983073591458,-3.6863118701222697,139,embajada,460.7399709567722
Embajada de Jordania,PASEO GENERAL MARTINEZ CAMPOS 41 PLANTA 5,40.43527538585405,-3.691818732220474,141,embajada,271.1198778759234
Embajada de Jordania,PASEO GENERAL MARTINEZ CAMPOS 41 PLANTA 5,40.43527538585405,-3.691818732220474,125,embajada,332.5751850004899
Embajada de Jordania,PASEO GENERAL MARTINEZ CAMPOS 41 PLANTA 5,40.43527538585405,-3.691818732220474,247,embajada,361.80273997423205
Embajada de Kazajstán,AVENIDA MADROÑOS 43,40.45705044578936,-3.6369050297290753,535,embajada,756.7877453330697
Embajada de Kazajstán,AVENIDA MADROÑOS 43,40.45705044578936,-3.6369050297290753,526,embajada,839.9660361357309
Embajada de Kazajstán,AVENIDA MADROÑOS 43,40.45705044578936,-3.6369050297290753,539,embajada,1068.5833683164117
Embajada de Kenia,CALLE SEGRE 13,40.45068779829347,-3.6836476857574754,148,embajada,255.55841555357662
Embajada de Kenia,CALLE SEGRE 13,40.45068779829347,-3.6836476857574754,159,embajada,411.63874170390153
Embajada de Kenia,CALLE SEGRE 13,40.45068779829347,-3.6836476857574754,149,embajada,486.7130534790616
Embajada de Kuwait,AVENIDA MIRAFLORES 61,40.47147353472993,-3.7327465094176118,599,embajada,1513.05235716275
Embajada de Kuwait,AVENIDA MIRAFLORES 61,40.47147353472993,-3.7327465094176118,317,embajada,1550.8454262532794
Embajada de Kuwait,AVENIDA MIRAFLORES 61,40.47147353472993,-3.7327465094176118,316,embajada,1630.0838419062463
Embajada de Letonia,CALLE MORETO 5 PLANTA 1 DERECHA,40.41442775333952,-3.6902558463144506,283,embajada,203.51815929616322
Embajada de Letonia,CALLE MORETO 5 PLANTA 1 DERECHA,40.41442775333952,-3.6902558463144506,68,embajada,219.69130501910598
Embajada de Letonia,CALLE MORETO 5 PLANTA 1 DERECHA,40.41442775333952,-3.6902558463144506,65,embajada,269.54944162736894
Embajada de Libia,AVENIDA COMANDANTE FRANCO 32,40.465901050911526,-3.6728117554238167,288,embajada,79.6477359524583
Embajada de Libia,AVENIDA COMANDANTE FRANCO 32,40.465901050911526,-3.6728117554238167,285,embajada,397.61309908146154
Embajada de Libia,AVENIDA COMANDANTE FRANCO 32,40.465901050911526,-3.6728117554238167,286,embajada,609.6493761585954
Embajada de Lituania,CALLE PISUERGA 5,40.44932531380484,-3.683424907566784,148,embajada,301.57465257893483
Embajada de Lituania,CALLE PISUERGA 5,40.44932531380484,-3.683424907566784,147,embajada,460.6414915132663
Embajada de Lituania,CALLE PISUERGA 5,40.44932531380484,-3.683424907566784,137,embajada,481.51097238851145
Embajada de Luxemburgo,CALLE CLAUDIO COELLO 78 PLANTA 1,40.43000619511413,-3.685587151651725,103,embajada,141.60890734509502
Embajada de Luxemburgo,CALLE CLAUDIO COELLO 78 PLANTA 1,40.43000619511413,-3.685587151651725,88,embajada,247.05964690376206
Embajada de Luxemburgo,CALLE CLAUDIO COELLO 78 PLANTA 1,40.43000619511413,-3.685587151651725,87,embajada,362.5629670538915
Embajada de Líbano,CALLE CLAUDIO COELLO 65 PLANTA 1,40.428315263386644,-3.686232880384695,105,embajada,200.32450485556302
Embajada de Líbano,CALLE CLAUDIO COELLO 65 PLANTA 1,40.428315263386644,-3.686232880384695,92,embajada,227.6510609281143
Embajada de Líbano,CALLE CLAUDIO COELLO 65 PLANTA 1,40.428315263386644,-3.686232880384695,103,embajada,253.05018778131216
Embajada de Macedonia del Norte,CALLE DON RAMON DE LA CRUZ 107 PLANTA 2 B,40.42856835724131,-3.6711545671911487,108,embajada,141.42406933653038
Embajada de Macedonia del Norte,CALLE DON RAMON DE LA CRUZ 107 PLANTA 2 B,40.42856835724131,-3.6711545671911487,145,embajada,147.48053683054383
Embajada de Macedonia del Norte,CALLE DON RAMON DE LA CRUZ 107 PLANTA 2 B,40.42856835724131,-3.6711545671911487,192,embajada,364.3691185289041
Embajada de Malasia,AVENIDA MADRO&amp;Ntilde;OS 63 BIS,40.456282559716115,-3.6325036162338042,537,embajada,785.103538002341
Embajada de Malasia,AVENIDA MADRO&amp;Ntilde;OS 63 BIS,40.456282559716115,-3.6325036162338042,535,embajada,858.184032101089
Embajada de Malasia,AVENIDA MADRO&amp;Ntilde;OS 63 BIS,40.456282559716115,-3.6325036162338042,516,embajada,938.6976479183065
Embajada de Mali,CALLE SERRANO 174,40.447224313873804,-3.6840241406946985,137,embajada,246.13820893087043
Embajada de Mali,CALLE SERRANO 174,40.447224313873804,-3.6840241406946985,148,embajada,523.1179745782416
Embajada de Mali,CALLE SERRANO 174,40.447224313873804,-3.6840241406946985,149,embajada,524.7803188122257
Embajada de Malta,PASEO CASTELLANA 45 PLANTA 6 DERECHA,40.4357025961309,-3.6896772816624206,141,embajada,45.984263482461465
Embajada de Malta,PASEO CASTELLANA 45 PLANTA 6 DERECHA,40.4357025961309,-3.6896772816624206,142,embajada,322.2327037505327
Embajada de Malta,PASEO CASTELLANA 45 PLANTA 6 DERECHA,40.4357025961309,-3.6896772816624206,198,embajada,417.1713005414782
Embajada de Marruecos,CALLE SERRANO 179,40.44943613336201,-3.682966115908703,148,embajada,256.21189313653275
Embajada de Marruecos,CALLE SERRANO 179,40.44943613336201,-3.682966115908703,147,embajada,414.18323764220213
Embajada de Marruecos,CALLE SERRANO 179,40.44943613336201,-3.682966115908703,137,embajada,516.8309991131637
Embajada de Mauritania,CALLE PIEDRALAVES 4 PLANTA Baja,40.46350997750835,-3.7284137219262607,316,embajada,948.8938890145735
Embajada de Mauritania,CALLE PIEDRALAVES 4 PLANTA Baja,40.46350997750835,-3.7284137219262607,317,embajada,1154.664266917363
Embajada de Mauritania,CALLE PIEDRALAVES 4 PLANTA Baja,40.46350997750835,-3.7284137219262607,307,embajada,1307.9451386214178
Embajada de Moldavia,PASEO CASTELLANA 178 PLANTA 5 D,40.4608230762265,-3.689108497357059,157,embajada,190.82765161851816
Embajada de Moldavia,PASEO CASTELLANA 178 PLANTA 5 D,40.4608230762265,-3.689108497357059,156,embajada,323.1015279152304
Embajada de Moldavia,PASEO CASTELLANA 178 PLANTA 5 D,40.4608230762265,-3.689108497357059,299,embajada,343.329611663295
Embajada de Montenegro,CALLE ALCALA 89 PLANTA Bajo izquierda,40.42093283981246,-3.685179596781701,102,embajada,109.38619803945292
Embajada de Montenegro,CALLE ALCALA 89 PLANTA Bajo izquierda,40.42093283981246,-3.685179596781701,95,embajada,264.9810560705061
Embajada de Montenegro,CALLE ALCALA 89 PLANTA Bajo izquierda,40.42093283981246,-3.685179596781701,96,embajada,353.0339260450849
Embajada de Mozambique,CALLE ALFONSO RODRIGUEZ SANTAMARIA 8,40.44897315044939,-3.685084095674594,149,embajada,332.21000528735766
Embajada de Mozambique,CALLE ALFONSO RODRIGUEZ SANTAMARIA 8,40.44897315044939,-3.685084095674594,137,embajada,393.46964647810347
Embajada de Mozambique,CALLE ALFONSO RODRIGUEZ SANTAMARIA 8,40.44897315044939,-3.685084095674594,148,embajada,475.50964987622666
Embajada de México,CARRERA SAN JERONIMO 46,40.41605298613373,-3.697338423479512,29,embajada,181.69839884520056
Embajada de México,CARRERA SAN JERONIMO 46,40.41605298613373,-3.697338423479512,28,embajada,255.97351453384613
Embajada de México,CARRERA SAN JERONIMO 46,40.41605298613373,-3.697338423479512,27,embajada,356.8231427152735
Embajada de Mónaco,CALLE VILLANUEVA 12 PLANTA Entreplanta A,40.42254598598297,-3.68874131027488,107,embajada,116.67693220384993
Embajada de Mónaco,CALLE VILLANUEVA 12 PLANTA Entreplanta A,40.42254598598297,-3.68874131027488,95,embajada,202.13092475812394
Embajada de Mónaco,CALLE VILLANUEVA 12 PLANTA Entreplanta A,40.42254598598297,-3.68874131027488,94,embajada,236.76888198617928
Embajada de Nicaragua,CALLE PUERTO DE SANTA MARIA 73 B,40.45931841429917,-3.6524238447949635,523,embajada,430.6920333857455
Embajada de Nicaragua,CALLE PUERTO DE SANTA MARIA 73 B,40.45931841429917,-3.6524238447949635,479,embajada,632.2944523506827
Embajada de Nicaragua,CALLE PUERTO DE SANTA MARIA 73 B,40.45931841429917,-3.6524238447949635,546,embajada,747.6859659670243
Embajada de Nigeria,CALLE SEGRE 23,40.45109181438889,-3.6848225800571006,149,embajada,373.15105561172584
Embajada de Nigeria,CALLE SEGRE 23,40.45109181438889,-3.6848225800571006,148,embajada,382.1221957128716
Embajada de Nigeria,CALLE SEGRE 23,40.45109181438889,-3.6848225800571006,159,embajada,391.4508728610693
Embajada de Noruega,CALLE SERRANO 26 PLANTA 5,40.42419079459679,-3.6878739673021554,106B,embajada,65.16931259521554
Embajada de Noruega,CALLE SERRANO 26 PLANTA 5,40.42419079459679,-3.6878739673021554,106A,embajada,81.96119396390394
Embajada de Noruega,CALLE SERRANO 26 PLANTA 5,40.42419079459679,-3.6878739673021554,95,embajada,211.56528896547562
Embajada de Nueva Zelanda,CALLE PINAR 7 PLANTA 3,40.43726808887648,-3.6885142239148925,141,embajada,229.3663212693613
Embajada de Nueva Zelanda,CALLE PINAR 7 PLANTA 3,40.43726808887648,-3.6885142239148925,139,embajada,318.2028936654841
Embajada de Nueva Zelanda,CALLE PINAR 7 PLANTA 3,40.43726808887648,-3.6885142239148925,142,embajada,434.7872343608072
Embajada de Omán,AVENIDA CARDENAL HERRERA ORIA 138,40.489372517911235,-3.701082104378252,606,embajada,366.02478875466517
Embajada de Omán,AVENIDA CARDENAL HERRERA ORIA 138,40.489372517911235,-3.701082104378252,605,embajada,493.67339271936294
Embajada de Omán,AVENIDA CARDENAL HERRERA ORIA 138,40.489372517911235,-3.701082104378252,586,embajada,879.0097566217427
Embajada de Orden de Malta,CALLE PRADO 26,40.41520561977732,-3.6974239687412025,29,embajada,228.79361650246173
Embajada de Orden de Malta,CALLE PRADO 26,40.41520561977732,-3.6974239687412025,27,embajada,286.3283698635263
Embajada de Orden de Malta,CALLE PRADO 26,40.41520561977732,-3.6974239687412025,28,embajada,338.0484730419636
Embajada de Pakistán,CALLE PEDRO DE VALDIVIA 16,40.43912685155856,-3.688026179153966,139,embajada,268.6263813680992
Embajada de Pakistán,CALLE PEDRO DE VALDIVIA 16,40.43912685155856,-3.688026179153966,250,embajada,299.754768157055
Embajada de Pakistán,CALLE PEDRO DE VALDIVIA 16,40.43912685155856,-3.688026179153966,141,embajada,441.4601665434913
Embajada de Palestina,AVENIDA PIO XII 20,40.465869898534564,-3.6750643949484867,288,embajada,313.96023569315133
Embajada de Palestina,AVENIDA PIO XII 20,40.465869898534564,-3.6750643949484867,286,embajada,388.74521682564585
Embajada de Palestina,AVENIDA PIO XII 20,40.465869898534564,-3.6750643949484867,254,embajada,567.20506484353
Embajada de Panamá,CALLE CARACAS 23 PLANTA BAJO IZQUIERDA,40.43073323148883,-3.6939542885166206,122,embajada,300.2122091590098
Embajada de Panamá,CALLE CARACAS 23 PLANTA BAJO IZQUIERDA,40.43073323148883,-3.6939542885166206,8,embajada,359.4403360470717
Embajada de Panamá,CALLE CARACAS 23 PLANTA BAJO IZQUIERDA,40.43073323148883,-3.6939542885166206,125,embajada,517.0497889114821
Embajada de Paraguay,CALLE DOCTOR FLEMING 3 PLANTA 1,40.45493881024835,-3.689343217985603,253,embajada,116.26533596714995
Embajada de Paraguay,CALLE DOCTOR FLEMING 3 PLANTA 1,40.45493881024835,-3.689343217985603,238,embajada,458.44782697768716
Embajada de Paraguay,CALLE DOCTOR FLEMING 3 PLANTA 1,40.45493881024835,-3.689343217985603,157,embajada,467.36460851358896
Embajada de Países Bajos,PASEO CASTELLANA 259 PLANTA 36 D,40.47592404926307,-3.6872691224974417,248,embajada,196.07823393572255
Embajada de Países Bajos,PASEO CASTELLANA 259 PLANTA 36 D,40.47592404926307,-3.6872691224974417,249,embajada,453.8318337974496
Embajada de Países Bajos,PASEO CASTELLANA 259 PLANTA 36 D,40.47592404926307,-3.6872691224974417,217,embajada,587.7706789234139
Embajada de Perú,CALLE ZURBANO 70 PLANTA BAJA,40.43616945348523,-3.692959769973163,125,embajada,226.95285671000605
Embajada de Perú,CALLE ZURBANO 70 PLANTA BAJA,40.43616945348523,-3.692959769973163,247,embajada,245.53278187610957
Embajada de Perú,CALLE ZURBANO 70 PLANTA BAJA,40.43616945348523,-3.692959769973163,141,embajada,407.0239487995958
Embajada de Polonia,CALLE GUISANDO 23 BIS,40.470839866907276,-3.7303803419819235,599,embajada,1256.3343723193318
Embajada de Polonia,CALLE GUISANDO 23 BIS,40.470839866907276,-3.7303803419819235,317,embajada,1277.7625945872242
Embajada de Polonia,CALLE GUISANDO 23 BIS,40.470839866907276,-3.7303803419819235,316,embajada,1366.490169201475
Embajada de Portugal,CALLE LAGASCA 88 PLANTA 4 A,40.42991206232817,-3.6847491581278606,88,embajada,190.7881023072186
Embajada de Portugal,CALLE LAGASCA 88 PLANTA 4 A,40.42991206232817,-3.6847491581278606,103,embajada,232.91469145764287
Embajada de Portugal,CALLE LAGASCA 88 PLANTA 4 A,40.42991206232817,-3.6847491581278606,87,embajada,293.93852864724016
Embajada de Qatar,PASEO CASTELLANA 15 PLANTA 5,40.42811394313855,-3.690189203244315,104,embajada,164.3180986539177
Embajada de Qatar,PASEO CASTELLANA 15 PLANTA 5,40.42811394313855,-3.690189203244315,93,embajada,278.9358228475325
Embajada de Qatar,PASEO CASTELLANA 15 PLANTA 5,40.42811394313855,-3.690189203244315,105,embajada,316.82685104839993
Embajada de Reino Unido de Gran Bretaña e Irlanda del Norte,PASEO CASTELLANA 259 D Torre Espacio,40.47592404926307,-3.6872691224974417,248,embajada,196.07823393572255
Embajada de Reino Unido de Gran Bretaña e Irlanda del Norte,PASEO CASTELLANA 259 D Torre Espacio,40.47592404926307,-3.6872691224974417,249,embajada,453.8318337974496
Embajada de Reino Unido de Gran Bretaña e Irlanda del Norte,PASEO CASTELLANA 259 D Torre Espacio,40.47592404926307,-3.6872691224974417,217,embajada,587.7706789234139
Embajada de República Checa,AVENIDA COMANDANTE FRANCO 34,40.46594286739446,-3.672409949254646,288,embajada,52.34488865615024
Embajada de República Checa,AVENIDA COMANDANTE FRANCO 34,40.46594286739446,-3.672409949254646,285,embajada,375.38444079904934
Embajada de República Checa,AVENIDA COMANDANTE FRANCO 34,40.46594286739446,-3.672409949254646,286,embajada,650.0083836945408
Embajada de República Dominicana,PASEO CASTELLANA 30 PLANTA 1 DERECHA,40.43157571673001,-3.6882911089925896,198,embajada,101.84610467547655
Embajada de República Dominicana,PASEO CASTELLANA 30 PLANTA 1 DERECHA,40.43157571673001,-3.6882911089925896,103,embajada,208.17076704427637
Embajada de República Dominicana,PASEO CASTELLANA 30 PLANTA 1 DERECHA,40.43157571673001,-3.6882911089925896,142,embajada,208.30644391499814
Embajada de Rumanía,AVENIDA ALFONSO XIII 157,40.46019291202317,-3.6783690131760567,254,embajada,220.89103279391713
Embajada de Rumanía,AVENIDA ALFONSO XIII 157,40.46019291202317,-3.6783690131760567,160,embajada,398.2497080740416
Embajada de Rumanía,AVENIDA ALFONSO XIII 157,40.46019291202317,-3.6783690131760567,290,embajada,497.9321004320408
Embajada de Rusia,CALLE VELAZQUEZ 155,40.444751383993676,-3.6829776549736115,137,embajada,274.4372245245777
Embajada de Rusia,CALLE VELAZQUEZ 155,40.444751383993676,-3.6829776549736115,146,embajada,463.76518685785993
Embajada de Rusia,CALLE VELAZQUEZ 155,40.444751383993676,-3.6829776549736115,250,embajada,555.2812304714649
Embajada de San Marino,CALLE PADRE JESUS ORDO&amp;Ntilde;EZ 18 PLANTA 3 IZQUIERDA,40.44145820584704,-3.6776854132094505,146,embajada,337.2568643151256
Embajada de San Marino,CALLE PADRE JESUS ORDO&amp;Ntilde;EZ 18 PLANTA 3 IZQUIERDA,40.44145820584704,-3.6776854132094505,195,embajada,352.77211934165587
Embajada de San Marino,CALLE PADRE JESUS ORDO&amp;Ntilde;EZ 18 PLANTA 3 IZQUIERDA,40.44145820584704,-3.6776854132094505,196,embajada,412.66971900923716
Embajada de Santa Sede,AVENIDA PIO XII 46,40.4686277265949,-3.673334399530984,288,embajada,273.51896553735
Embajada de Santa Sede,AVENIDA PIO XII 46,40.4686277265949,-3.673334399530984,286,embajada,515.6906441041584
Embajada de Santa Sede,AVENIDA PIO XII 46,40.4686277265949,-3.673334399530984,284,embajada,616.9717178758311
Embajada de Senegal,CALLE MORALZARZAL 18,40.4893449888833,-3.704826324433652,605,embajada,256.0028273696254
Embajada de Senegal,CALLE MORALZARZAL 18,40.4893449888833,-3.704826324433652,580,embajada,704.3571971001496
Embajada de Senegal,CALLE MORALZARZAL 18,40.4893449888833,-3.704826324433652,606,embajada,740.9981553420707
Embajada de Serbia,CALLE VELAZQUEZ 3,40.42148926032306,-3.6846401694200934,102,embajada,56.80763250489319
Embajada de Serbia,CALLE VELAZQUEZ 3,40.42148926032306,-3.6846401694200934,96,embajada,277.9016033102922
Embajada de Serbia,CALLE VELAZQUEZ 3,40.42148926032306,-3.6846401694200934,95,embajada,280.997593676709
Embajada de Siria,PLAZA PLATERIA DE MARTINEZ 1 PLANTA 1,40.4125341323426,-3.6937308712796155,67,embajada,196.0839304424201
Embajada de Siria,PLAZA PLATERIA DE MARTINEZ 1 PLANTA 1,40.4125341323426,-3.6937308712796155,27,embajada,235.62393938099032
Embajada de Siria,PLAZA PLATERIA DE MARTINEZ 1 PLANTA 1,40.4125341323426,-3.6937308712796155,68,embajada,269.8500479303248
Embajada de Sudáfrica,CALLE CLAUDIO COELLO 91 PLANTA 6 y 7,40.43068902185026,-3.6859006104054375,103,embajada,95.73130001630858
Embajada de Sudáfrica,CALLE CLAUDIO COELLO 91 PLANTA 6 y 7,40.43068902185026,-3.6859006104054375,88,embajada,242.63970301224336
Embajada de Sudáfrica,CALLE CLAUDIO COELLO 91 PLANTA 6 y 7,40.43068902185026,-3.6859006104054375,142,embajada,377.05740087419997
Embajada de Sudán,AVENIDA MIRAFLORES 63,40.47203025842744,-3.733123924003301,599,embajada,1552.9569964657842
Embajada de Sudán,AVENIDA MIRAFLORES 63,40.47203025842744,-3.733123924003301,317,embajada,1606.8705466674758
Embajada de Sudán,AVENIDA MIRAFLORES 63,40.47203025842744,-3.733123924003301,316,embajada,1697.2328004393023
Embajada de Suecia,CALLE CARACAS 25,40.43071473630789,-3.6936700862940017,122,embajada,328.09365695112314
Embajada de Suecia,CALLE CARACAS 25,40.43071473630789,-3.6936700862940017,8,embajada,373.36848123822165
Embajada de Suecia,CALLE CARACAS 25,40.43071473630789,-3.6936700862940017,125,embajada,525.7612645043936
Embajada de Suiza,CALLE NU&amp;Ntilde;EZ DE BALBOA 35 A PLANTA 7,40.42545465763344,-3.682876737414012,90,embajada,112.87056280499782
Embajada de Suiza,CALLE NU&amp;Ntilde;EZ DE BALBOA 35 A PLANTA 7,40.42545465763344,-3.682876737414012,87,embajada,257.4686858991023
Embajada de Suiza,CALLE NU&amp;Ntilde;EZ DE BALBOA 35 A PLANTA 7,40.42545465763344,-3.682876737414012,96,embajada,390.1513960370187
Embajada de Tailandia,CALLE JOAQUIN COSTA 29,40.44603023889291,-3.686091916414186,137,embajada,106.22436788876175
Embajada de Tailandia,CALLE JOAQUIN COSTA 29,40.44603023889291,-3.686091916414186,149,embajada,472.2325064891861
Embajada de Tailandia,CALLE JOAQUIN COSTA 29,40.44603023889291,-3.686091916414186,136,embajada,531.3865980115842
Embajada de Turquía,CALLE RAFAEL CALVO 18 PLANTA 2 A/B,40.43387373574068,-3.6941977264344406,125,embajada,172.40063434707065
Embajada de Turquía,CALLE RAFAEL CALVO 18 PLANTA 2 A/B,40.43387373574068,-3.6941977264344406,247,embajada,523.9140628883374
Embajada de Turquía,CALLE RAFAEL CALVO 18 PLANTA 2 A/B,40.43387373574068,-3.6941977264344406,122,embajada,540.0406853334919
Embajada de Túnez,AVENIDA ALFONSO XIII 64 66 y 68,40.454007125972694,-3.6669496805547963,291,embajada,529.346547676602
Embajada de Túnez,AVENIDA ALFONSO XIII 64 66 y 68,40.454007125972694,-3.6669496805547963,476,embajada,553.3079277341396
Embajada de Túnez,AVENIDA ALFONSO XIII 64 66 y 68,40.454007125972694,-3.6669496805547963,289,embajada,767.6037040309704
Embajada de Ucrania,RONDA ABUBILLA 52,40.455238430865464,-3.6371237934421803,526,embajada,853.2709649857395
Embajada de Ucrania,RONDA ABUBILLA 52,40.455238430865464,-3.6371237934421803,535,embajada,957.809377981324
Embajada de Ucrania,RONDA ABUBILLA 52,40.455238430865464,-3.6371237934421803,516,embajada,1051.7423109750707
Embajada de Uruguay,PASEO PINTOR ROSALES 28 PLANTA 1 Izquierda,40.42680087237986,-3.7193764162400194,113,embajada,171.49151159292558
Embajada de Uruguay,PASEO PINTOR ROSALES 28 PLANTA 1 Izquierda,40.42680087237986,-3.7193764162400194,114,embajada,242.65778247288085
Embajada de Uruguay,PASEO PINTOR ROSALES 28 PLANTA 1 Izquierda,40.42680087237986,-3.7193764162400194,115,embajada,307.62355743878385
Embajada de Uzbekistan,PLAZA LEALTAD 3 PLANTA ENTREPLANTA DERECHA,40.41599086503211,-3.6921175196225273,283,embajada,90.27310104920309
Embajada de Uzbekistan,PLAZA LEALTAD 3 PLANTA ENTREPLANTA DERECHA,40.41599086503211,-3.6921175196225273,65,embajada,310.6162239261536
Embajada de Uzbekistan,PLAZA LEALTAD 3 PLANTA ENTREPLANTA DERECHA,40.41599086503211,-3.6921175196225273,86,embajada,326.53539397721823
Embajada de Venezuela,CALLE POETA JOAN MARAGALL 1 PLANTA 13,40.453273030213545,-3.6928454510581132,153,embajada,137.17633349456935
Embajada de Venezuela,CALLE POETA JOAN MARAGALL 1 PLANTA 13,40.453273030213545,-3.6928454510581132,154,embajada,264.40527882824455
Embajada de Venezuela,CALLE POETA JOAN MARAGALL 1 PLANTA 13,40.453273030213545,-3.6928454510581132,238,embajada,327.1827026195346
Embajada de Vietnam,AVENIDA ALFONSO XIII 54,40.452933755417405,-3.6671749335999184,476,embajada,578.8241300929099
Embajada de Vietnam,AVENIDA ALFONSO XIII 54,40.452933755417405,-3.6671749335999184,291,embajada,643.1874016011069
Embajada de Vietnam,AVENIDA ALFONSO XIII 54,40.452933755417405,-3.6671749335999184,289,embajada,663.4340241563735
Embajada de Yemen,PASEO CASTELLANA 117 PLANTA 8 D,40.457056423282566,-3.6907683475311566,156,embajada,257.091611175111
Embajada de Yemen,PASEO CASTELLANA 117 PLANTA 8 D,40.457056423282566,-3.6907683475311566,157,embajada,276.42292998710707
Embajada de Yemen,PASEO CASTELLANA 117 PLANTA 8 D,40.457056423282566,-3.6907683475311566,238,embajada,294.595829034543
Embajada de la República Democrática del Congo,CALLE DOCTOR FLEMING 45 PLANTA 1 F,40.46267526644442,-3.687880936282099,255,embajada,306.97030506392844
Embajada de la República Democrática del Congo,CALLE DOCTOR FLEMING 45 PLANTA 1 F,40.46267526644442,-3.687880936282099,209,embajada,348.8878957279567
Embajada de la República Democrática del Congo,CALLE DOCTOR FLEMING 45 PLANTA 1 F,40.46267526644442,-3.687880936282099,208,embajada,422.43671516163556
Embajada de la República Popular Democrática de Corea,CALLE DARIO APARICIO 43,40.472005387402454,-3.770870629526731,315,embajada,2139.047946821202
Embajada de la República Popular Democrática de Corea,CALLE DARIO APARICIO 43,40.472005387402454,-3.770870629526731,610,embajada,2433.233228986152
Embajada de la República Popular Democrática de Corea,CALLE DARIO APARICIO 43,40.472005387402454,-3.770870629526731,310,embajada,2976.5184116640353
Embajada de la República de Corea,CALLE GONZALEZ AMIGO 15,40.4661068662576,-3.666833442645388,487,embajada,280.9089076919025
Embajada de la República de Corea,CALLE GONZALEZ AMIGO 15,40.4661068662576,-3.666833442645388,534,embajada,422.55395424252464
Embajada de la República de Corea,CALLE GONZALEZ AMIGO 15,40.4661068662576,-3.666833442645388,285,embajada,537.1845967385565
Embajada del Nepal,CALLE GENERAL ORAA 3 PLANTA bajo izquierda,40.43603074588647,-3.687904662891031,141,embajada,179.92491871047855
Embajada del Nepal,CALLE GENERAL ORAA 3 PLANTA bajo izquierda,40.43603074588647,-3.687904662891031,142,embajada,291.88727030904255
Embajada del Nepal,CALLE GENERAL ORAA 3 PLANTA bajo izquierda,40.43603074588647,-3.687904662891031,139,embajada,467.9671313889462
